hba1_chr	hba1_pos	hba1_ref	hba2_chr	hba2_pos	hba2_ref
chr16	177188	G	chr16	173384	T
chr16	177426	G	chr16	173615	A
chr16	177430	A	chr16	173619	G
chr16	177432	G	chr16	173621	T
chr16	177434	T	chr16	173623	C
chr16	177437	T	chr16	173626	C
chr16	177443	C	chr16	173632	G
chr16	177444	T	chr16	173633	C
chr16	177455	C	chr16	173644	A
chr16	177456	C	chr16	173645	A
chr16	177458	A	chr16	173647	G
chr16	177460	C	chr16	173649	G
chr16	177473	T	chr16	173662	C
chr16	177475	C	chr16	173664	T
chr16	177482	C	chr16	173671	G
chr16	177519	G	chr16	173707	A
